Top queries,Clicks,Impressions,CTR,Position
mac pro 2019 in 2026,7,48,14.58%,3.71
macbook air m4 heating issue,5,118,4.24%,5.47
the server gave an error during download 403 forbidden,4,150,2.67%,5.3
current in iphone while charging,4,74,5.41%,5.82
macbook pro battery replacement cost uae,4,51,7.84%,2.45
mac internal ssd not detected,4,41,9.76%,3.17
what happens if iphone motherboard is damaged,3,62,4.84%,5.1
how to fix 403 forbidden error on mac,3,53,5.66%,6.6
horizontal lines on macbook screen,2,219,0.91%,9.39
macbook pro repair in dubai,2,197,1.02%,4.06
iphone 16 electric shock while charging,2,91,2.2%,6.67
why is my macbook air m4 heating up,2,77,2.6%,4.22
iphone 14 pro display price in dubai,2,73,2.74%,6.25
iphone back glass repair cost dubai,2,71,2.82%,7.07
apple back to school 2026 uae,2,70,2.86%,7.34
iphone 15 pro display price in uae,2,59,3.39%,7.58
best macbook pro for gaming,2,58,3.45%,4.93
macbook service center near me,2,53,3.77%,5.32
the server gave an error during download: 403 forbidden.,2,52,3.85%,4.29
macbook air battery replacement cost,2,47,4.26%,5.06
macbook air m2 battery replacement cost,2,46,4.35%,6.63
iphone 16 pro screen replacement,2,35,5.71%,7.6
iphone 14 pro max back glass replacement price in uae,2,32,6.25%,3.94
apple macbook pro screen replacement cost,2,7,28.57%,2.43
iphone 16 pro max back screen replacement cost,2,5,40%,6.2
iphone 16 screen brightness flickering,1,525,0.19%,8.83
which macbook is best for gaming,1,414,0.24%,6.81
iphone 16 screen flickering brightness,1,352,0.28%,8.59
iphone x screen replacement cost dubai,1,216,0.46%,20.47
what is the best macbook for gaming,1,142,0.7%,6.22
best apple laptop for gaming,1,128,0.78%,6.38
iphone 16 screen light flickering,1,111,0.9%,9.21
macbook pro screen replacement dubai,1,104,0.96%,5.69
macbook air m4 cooling system,1,102,0.98%,3.36
macbook pro screen replacement price dubai,1,102,0.98%,8.42
why is my iphone shocking me when charging,1,100,1%,5.29
apple watch battery replacement dubai,1,93,1.08%,13.8
iphone battery replacement cost dubai,1,85,1.18%,9.84
macbook air horizontal lines on screen,1,83,1.2%,8.42
macbook pro horizontal lines on screen,1,73,1.37%,8.82
iphone 15 pro max original display price in uae,1,60,1.67%,7.83
macbook pro battery replacement cost,1,58,1.72%,6.79
macbook air screen repair dubai,1,50,2%,27.36
macbook pro caps lock not working,1,47,2.13%,6.43
macbook screen replacement cost uae,1,44,2.27%,2.36
16 pro max display price,1,43,2.33%,7.91
iphone 15 pro max display price in dubai,1,41,2.44%,7.49
iphone 16 pro max screen replacement,1,40,2.5%,10.4
iphone back glass repair cost,1,36,2.78%,5.53
iphone 16 pro max back glass replacement cost,1,36,2.78%,5.89
macbook screen colors messed up,1,35,2.86%,4.43
apple m5 chip transistor count,1,35,2.86%,4.94
iphone 16 pro display price,1,33,3.03%,5.76
iphone camera shocking me while charging,1,31,3.23%,6.06
iphone 16 pro max screen flickering,1,31,3.23%,7.45
iphone 16 pro max screen price,1,30,3.33%,5.63
mac screen has lines horizontal,1,30,3.33%,7.47
macbook pro m5 screen replacement cost,1,29,3.45%,7.24
iphone 13 pro max back glass replacement price in uae,1,27,3.7%,3.81
iphone 13 pro back glass replacement price,1,26,3.85%,4.77
why are there horizontal lines on my macbook screen,1,26,3.85%,5.88
macbook repair shop near me,1,25,4%,5.36
the server gave an error during download 403,1,25,4%,6.32
i phone 16 pro battery,1,25,4%,7.04
macbook pro repair near me,1,24,4.17%,3.75
iphone 15 screen replacement cost,1,22,4.55%,5.73
iphone 17 pro max display price,1,21,4.76%,8.29
iphone 13 display price in uae,1,19,5.26%,6.58
iphone 16 pro max screen replacement cost,1,17,5.88%,4.06
iphone 14 pro max screen replacement cost,1,17,5.88%,4.53
iphone 13 pro max back glass price,1,16,6.25%,6.69
macbook air screen replacement cost,1,14,7.14%,4.14
horizontal lines on macbook pro,1,14,7.14%,9.71
an unexpected error occurred while signing in 403 forbidden,1,13,7.69%,6.54
iphone charging port repair cost,1,12,8.33%,3.83
mac service center near me,1,12,8.33%,4.25
icloud activation lock removal service,1,12,8.33%,6.17
2019 mac pro in 2026,1,11,9.09%,4.55
how to find ssd on macbook air,1,10,10%,9.3
iphone 17 pro max display price in uae,1,9,11.11%,2.44
iphone 16 pro screen replacement cost,1,9,11.11%,3.56
iphone 13 back glass price,1,9,11.11%,4.78
iphone 16 pro original display price,1,9,11.11%,5.11
imac horizontal lines on screen,1,9,11.11%,6.89
macbook pro m5 not turning on,1,9,11.11%,8.22
macbook not turning on or charging,1,9,11.11%,14.11
iphone 13 pro max face id repair cost,1,8,12.5%,5.12
macbook pro m5 battery replacement cost,1,8,12.5%,7.25
does an iphone have a motherboard,1,8,12.5%,8.88
macbook pro m4 battery replacement cost,1,8,12.5%,9.12
how to change macbook username,1,7,14.29%,1.57
macbook pro m1 battery replacement cost,1,7,14.29%,2.57
macbook air m1 display price,1,7,14.29%,3.43
macbook m2 screen replacement cost,1,7,14.29%,3.43
apple macbook pro service center near me,1,7,14.29%,5.29
how to transfer notes from mac to mac without icloud,1,7,14.29%,5.29
imac vs mac mini 2026,1,7,14.29%,7.57
iphone 17 pro display price,1,6,16.67%,2.67
macbook m1 air battery replacement cost,1,6,16.67%,3.5
my macbook screen has horizontal lines,1,6,16.67%,7
iphone 16 pro bottom half of screen flashing white,1,6,16.67%,8.17
iphone 16 pro max battery,1,6,16.67%,9
apple m5 processor transistor count,1,5,20%,3.4
iphone 14 pro max original battery price,1,5,20%,4.4
apple laptop battery replacement cost,1,5,20%,4.6
iphone 15 plus screen replacement cost,1,5,20%,4.6
iphone 15 original battery price in uae,1,5,20%,4.8
16 pro screen replacement cost,1,5,20%,5.4
iphone 15 pro max back glass price,1,5,20%,5.4
macbook pro display replacement cost,1,5,20%,6.8
how much does it cost to unlock an iphone,1,4,25%,1
iphone 12 lcd replacement price,1,4,25%,2.5
iphone 16 pro max screen repair cost,1,4,25%,3.75
iphone 17 pro lcd price,1,4,25%,4.5
iphone 16 original battery price,1,4,25%,5.75
iphone 14 plus back glass replacement,1,4,25%,6.75
iphone 16 pro screen repair,1,4,25%,7.25
iphone 16 pro max original screen,1,4,25%,7.5
dubai mac mini m4 price,1,4,25%,7.75
how to delete all data in macbook,1,4,25%,10
macbook pro 13 inch battery price,1,3,33.33%,1.33
cost of iphone 15 pro max screen replacement,1,3,33.33%,2
phone water damage repair cost,1,3,33.33%,2
apple macbook pro battery replacement cost,1,3,33.33%,2.33
apple macbook air display replacement cost,1,3,33.33%,3.33
macbook pro 14 inch screen replacement,1,3,33.33%,3.67
macbook pro 16 inch battery price,1,3,33.33%,4.33
iphone 14 display replacement cost,1,3,33.33%,5.33
why is my macbook screen glitching,1,3,33.33%,17
m1 macbook pro battery replacement cost,1,2,50%,1
iphone 15 pro display change price,1,2,50%,1.5
iphone me current kyu aata hai,1,2,50%,1.5
macbook activation lock removal service,1,2,50%,2
macbook air m5 screen replacement,1,2,50%,3
macbook air m1 repair cost,1,2,50%,3.5
where can i fix my ipad charging port,1,2,50%,3.5
iphone 16 plus screen price,1,2,50%,4
macbook pro m3 14 inch screen replacement,1,2,50%,4
iphone 17 display change price,1,2,50%,4.5
macbook air 2020 battery price,1,2,50%,4.5
where can i fix my macbook,1,2,50%,5.5
apple iphone 16 pro max screen replacement cost,1,2,50%,6
m1 pro battery replacement cost,1,2,50%,6
macbook air 2017 display price,1,2,50%,6
how to wipe macbook air,1,2,50%,7.5
iphone 13 battery change price,1,2,50%,7.5
how to open screenshot in macbook,1,2,50%,10.5
apple certified repair shops near me,1,1,100%,1
apple mac book m4 price,1,1,100%,1
apple macbook pro m1 battery replacement cost,1,1,100%,1
back of iphone 13 cracked repair cost,1,1,100%,1
battery replacement for apple watch series 7,1,1,100%,1
how do i turn my macbook air on,1,1,100%,1
how much does it cost to replace iphone 16 pro screen,1,1,100%,1
how much to fix iphone 16 pro screen,1,1,100%,1
how to reset nvram on mac,1,1,100%,1
ipad 9th gen battery replacement,1,1,100%,1
iphone 16 pro ki battery price,1,1,100%,1
iphone 16 pro max gets hot,1,1,100%,1
iphone 16 pro me battery kitne mh ki hai,1,1,100%,1
iphone 17 pro locked to owner,1,1,100%,1
iphone 17 pro max display repair cost,1,1,100%,1
mac studio m5 ultra release date,1,1,100%,1
macbook pro 15 inch battery replacement cost,1,1,100%,1
charging port repair cost iphone,1,1,100%,2
how much is the repair,1,1,100%,2
iphone 13 pro max oled screen replacement,1,1,100%,2
original iphone 15 pro battery price,1,1,100%,2
m4 macbook air screen replacement,1,1,100%,3
ipad mini battery replacement cost,1,1,100%,4
iphone 14 pro max back glass repair cost,1,1,100%,4
iphone 16 pro battery service,1,1,100%,4
macbook 2019 16 inch screen replacement,1,1,100%,4
macbook air 2025 screen replacement,1,1,100%,4
apple iphone 15 pro screen replacement cost,1,1,100%,5
ipad pro m1 battery price,1,1,100%,5
iphone software repair shop near me,1,1,100%,5
i cant open my iphone,1,1,100%,6
i phone 15 pro max,1,1,100%,6
macbook air water damage repair cost,1,1,100%,6
apple watch battery replacement cost uae,1,1,100%,7
cost of iphone 16 screen replacement,1,1,100%,7
macbook air 2019 display price,1,1,100%,7
macbook pro m4 vs m5 price,1,1,100%,7
for iphone 15 pro max,1,1,100%,8
screen replacement iphone 16 pro,1,1,100%,8
macbook air 2020 screen replacement,1,1,100%,9
how to check laptop battery health,0,1247,0%,1
display screen of iphone 6 in dubai,0,786,0%,25.7
which macbook pro is best for gaming,0,475,0%,5.79
how to screenshot on mac,0,421,0%,5.42
what macbook is best for gaming,0,419,0%,5.36
macbook air m4 fanless no fan,0,373,0%,2.2
does macbook air m4 have a fan,0,358,0%,2.45
how to screenshot on macbook,0,340,0%,15.48
which macbook good for gaming,0,331,0%,6.01
iphone 16 pro battery mah,0,323,0%,7.56
how to clean macbook screen,0,323,0%,19.4
which macbook is more suitable for gaming,0,321,0%,7.35
why is my iphone 16 screen flickering,0,311,0%,9.83
"""pmp failed to come online within 30 seconds"" applepmgr",0,289,0%,6.33
which macbook is better for gaming,0,252,0%,4.12
how to copy and paste in macbook,0,252,0%,8.51
how to fix horizontal lines on macbook screen,0,250,0%,8.91
iphone 16 pro battery capacity,0,242,0%,8.43
horizontal lines on macbook air screen,0,238,0%,7.7
iphone 16 screen flickering issue,0,225,0%,10.09
macbook pro screen repair dubai,0,224,0%,5.76
macbook water damage repair dubai,0,221,0%,7.92
which macbook is good for gaming,0,206,0%,5.64
why my iphone 16 screen is flickering,0,185,0%,10.22
what macbook is good for gaming,0,180,0%,5.78
macbook air m4 fanless no fan dissipates heat through aluminum chassis,0,179,0%,2.17
iphone 16 screen is flickering - how do i fix it,0,174,0%,8.88
iphone 8 back glass replacement,0,174,0%,15.05
how to take screenshot in macbook,0,172,0%,11.75
apple watch screen replacement dubai,0,167,0%,17.93
how to copy and paste on macbook,0,166,0%,21.61
apple watch battery replacement service in dubai,0,164,0%,18.22
which macbook pro model is better for gaming,0,157,0%,8.58
iphone electric shock while charging,0,156,0%,6.07
iphone screen repair dubai price,0,146,0%,11.27
why does my iphone 16 screen flicker,0,143,0%,9.9
apple iphone 16 screen flickering or touch issues how do i get apple support,0,138,0%,6.62
apple macbook air m4 specifications fan,0,137,0%,3.16
apple service center in uae,0,132,0%,24.29
how to clean macbook keyboard,0,131,0%,17.65
macbook pro battery replacement dubai,0,129,0%,9.91
how to paste in macbook,0,128,0%,5.29
iphone back glass repair dubai,0,128,0%,17.76
how to clean mac screen,0,127,0%,20.68
my iphone 16 screen is flickering,0,123,0%,9.82
iphone 11 screen replacement dubai,0,123,0%,16.45
air mac book repair dubai,0,121,0%,13.34
does macbook air have a fan m4,0,118,0%,2.75
how to screenshot in macbook,0,116,0%,12.78
how to copy paste in macbook,0,115,0%,10.38
how to take a screenshot on mac,0,114,0%,9.18
how to copy on macbook,0,113,0%,18.85
iphone 16 pro max original display price in uae,0,111,0%,7.35
apple watch repair near me,0,109,0%,21.84
macbook air battery replacement dubai,0,108,0%,14.04
how to clean macbook pro screen,0,108,0%,20.87
evaluate the hp company apple on laptops for gaming,0,107,0%,9.88
iphone screen repair dubai cost,0,104,0%,15.82
apple watch screen repair dubai,0,104,0%,17.58
iphone xs max screen replacement,0,103,0%,17.94
macbook battery price in dubai,0,101,0%,9.58
macbook pro screen repair cost,0,99,0%,40.42
why is my iphone 16 brightness flickering,0,98,0%,8.6
iphone x back glass replacement,0,98,0%,19.19
apple macbook repair in dubai,0,97,0%,2.56
iphone 7 plus screen replacement dubai price,0,96,0%,14.19
macbook pro retina screen replacement dubai,0,95,0%,10.57
iphone 7 screen replacement dubai,0,95,0%,24.01
imac caps lock stuck on causes,0,94,0%,8.15
why is my iphone 16 glitching,0,94,0%,8.5
macbook air m4 getting hot,0,93,0%,5.9
iphone 6 screen replacement dubai,0,92,0%,22.52
"after replacing the display on a macbook pro (14-inch, 2021), you notice 
video distortion. before troubleshooting the distortion, what must you do?",0,91,0%,8.05
iphone screen repair in dubai,0,90,0%,17.72
macbook air caps lock key not working,0,89,0%,7.06
how to take screenshot on mac,0,89,0%,10.02
how to screen capture on a macbook,0,88,0%,24.91
iphone service center in dubai,0,87,0%,25.53
macbook horizontal lines on screen,0,86,0%,8.51
iphone screen replacement in dubai,0,86,0%,28.65
iphone repair shop in dubai,0,85,0%,33.15
why does my iphone give me electric shocks while charging,0,84,0%,6.37
iphone x screen replacement dubai,0,84,0%,14.67
ipad screen repair dubai price,0,84,0%,26.89
apple laptop good for gaming,0,83,0%,9.93
iphone xr screen repair dubai,0,83,0%,21.73
macbook repair in business bay,0,83,0%,32.93
how to clean a macbook screen,0,82,0%,20.21
macbook service center in dubai,0,82,0%,38.7
mac caps lock not working,0,81,0%,5.15
iphone xs back glass replacement,0,80,0%,15.89
iphone xs screen repair dubai,0,80,0%,25.64
macbook repair in silicon oasis,0,79,0%,40.04
macbook caps lock not working,0,78,0%,6.28
how to screenshot on macbook air,0,78,0%,20.99
apple watch screen replacement cost dubai,0,78,0%,22.67
iphone xs max screen replacement dubai,0,78,0%,25.05
how to clean your macbook screen,0,78,0%,26.18
iphone xr screen replacement dubai,0,77,0%,18.14
how to take a screenshot on macbook,0,77,0%,22.64
ipad battery replacement service in dubai,0,77,0%,27.27
why does my iphone shock me when it's charging,0,76,0%,6.37
macbook lines on screen horizontal,0,76,0%,7.72
iphone x screen repair dubai cost,0,76,0%,10.63
how to copy in macbook,0,76,0%,11.76
apple iphone screen repair dubai,0,76,0%,21.42
iphone 7 plus screen replacement dubai,0,76,0%,22.29
ipad screen repair cost dubai,0,76,0%,26.96
macbook caps lock not always working,0,75,0%,5.49
iphone 14 pro max original display price in uae,0,75,0%,6.57
how to copy paste on macbook,0,75,0%,14.28
macbook repair in umm suqeim,0,75,0%,26.13
apple macbook air m4 technical specifications fan,0,74,0%,4
iphone 11 pro max screen replacement dubai,0,74,0%,16.57
macbook pro touch bar hire,0,74,0%,19.41
apple service center in dubai,0,74,0%,25.14
whats the best macbook for gaming,0,73,0%,6.27
ipad screen repair in dubai,0,73,0%,32.12
how to take screenshot in mac,0,72,0%,10.83
iphone x screen repair dubai,0,72,0%,15.6
macbook repair in arabian ranches,0,72,0%,43.51
iphone 16 brightness keeps flickering,0,71,0%,8.13
macbook air not turning on,0,71,0%,16.69
macbook air 13 inch battery,0,71,0%,21.03
iphone xs max screen repair dubai,0,71,0%,25.1
macbook repair in dubai marina,0,71,0%,33.18
macbook repair in dubai hills,0,71,0%,36.9
iphone 16 pro max display price,0,70,0%,6.77
iphone 11 pro screen replacement dubai,0,70,0%,12.37
how to take screenshot on macbook,0,70,0%,14.2
iphone 16 pro max glitching,0,68,0%,8.91
iphone 11 screen repair dubai,0,66,0%,17.58
how to screen capture on macbook air,0,66,0%,30.67
apple watch repair in dubai,0,64,0%,24.86
macbook air m4 thermal design dissipates heat through aluminum chassis,0,63,0%,2.03
which macbook model is best for gaming,0,63,0%,3.87
why is my iphone giving current while charging,0,63,0%,4.02
how to change macbook name,0,63,0%,23.9
"iphone service center in oman - apple service center qatar - iphone repair 
in dubai",0,62,0%,15.89
laptop screen repair cost dubai,0,62,0%,28.76
my macbook air m4 is heating up,0,61,0%,5.28
why does my mac screen look weird,0,61,0%,5.52
iphone xs max back glass replacement,0,61,0%,13.75
iphone 7 plus repair dubai,0,61,0%,21.98
macbook repair in al twar,0,60,0%,26.4
why my iphone is giving current while charging,0,59,0%,4.39
what macbooks are good for gaming,0,58,0%,6.24
macbook repair in al barari,0,58,0%,27.5
macbook repair in al quoz,0,58,0%,34.6
caps lock not working mac,0,57,0%,4.49
macbook air won't turn on,0,57,0%,22.81
apple watch repairs near me,0,57,0%,26.96
macbook air m4 fanless no fan passive cooling,0,56,0%,2.82
iphone shocking me while charging,0,56,0%,5.98
is apple laptop good for gaming,0,56,0%,8.84
iphone 16 plus brightness flickering,0,56,0%,9.09
iphone battery replacement in dubai,0,55,0%,33.96
"error: ""http error 403: "" when connecting to 
http://osrecovery.apple.com/installationpayload/recoveryimage",0,54,0%,2.22
"""macbook"" +""windows"" -""iphone"" -""ipad"" -""apple watch"" -""airpods"" -""vision 
pro"" -""ios"" -""mac mini"" -""imac"" -""mac studio"" -""mac pro""",0,54,0%,8.22
why does my iphone camera shock me when charging,0,54,0%,8.41
internal ssd not showing up mac,0,54,0%,9.46
which mac is best for gaming,0,54,0%,9.85
why is my iphone 16 flickering,0,54,0%,10.54
macbook air repair in dubai,0,54,0%,32.63
apple watch repair in business bay,0,54,0%,34
iphone giving shock while charging,0,53,0%,6
apple laptop repair in dubai,0,53,0%,22.57
how to clean mac display,0,52,0%,11.71
iphone 11 pro max back glass replacement dubai,0,52,0%,13.35
iphone 11 back glass replacement dubai,0,52,0%,19.46
macbook repair in palm jumeira,0,52,0%,20.85
apple device repair near me,0,52,0%,36
macbook repair in dubai south,0,51,0%,26.14
iphone 11 pro max repair dubai,0,51,0%,28.84
why is my caps lock not working mac,0,50,0%,5.3
iphone 12 pro display price in dubai,0,50,0%,7.98
which apple laptop is best for gaming,0,49,0%,6
is it which macbook pro is best for gaming,0,49,0%,6.35
which macbook model is better for gaming,0,49,0%,7.71
best mac laptop for gaming,0,49,0%,8.92
how to copy and paste on macbook air,0,49,0%,28.88
how to copy and paste on mac,0,49,0%,30.08
macbook screen damaged repair dubai,0,48,0%,3.04
iphone 16 pro screen flashing white,0,48,0%,9.23
macbook pro screen problems horizontal lines,0,48,0%,9.88
macbook repair in al barsha,0,48,0%,10.29
my macbook air won't turn on,0,48,0%,17.44
mac caps lock stuck on,0,47,0%,2.11
iphone 16 screen brightness keeps flickering,0,46,0%,8.09
iphone 16 pro max screen flashing white,0,46,0%,8.22
does macbook air heat up easily,0,46,0%,8.59
macbook pro display problems horizontal lines,0,46,0%,8.85
why is my ipad not charging,0,46,0%,9.15
are apple laptops good for gaming,0,46,0%,10.39
macbook repair in internet city,0,46,0%,12.43
iphone 11 pro repair dubai,0,46,0%,27.52
imac display replace jumeirah ajman,0,46,0%,40.89
the server gave an error 403 forbidden,0,45,0%,6.42
how to clean macbook pro keyboard,0,44,0%,17.16
how to paste on macbook,0,44,0%,18.36
why iphone give shock while charging,0,43,0%,5.35
macbook display replace jumeirah ajman,0,43,0%,23.79
why are there lines on my macbook screen,0,42,0%,6.12
"after replacing the display on a macbook pro (14-inch, 2021), you notice 
video distortion. before troubleshooting the distortion, what must you do? 
replace the display a second time. run system configuration. run display 
anomalies in ast 2. reinstall the edp (embedded displayport) flex cable.",0,42,0%,7.64
is it normal for macbook air to get hot,0,42,0%,8.17
horizontal line on macbook screen,0,42,0%,9.21
متاجر apple المعتمدة في دبي مع خدمة الإصلاح في نفس اليوم,0,42,0%,10.4
how to clean mac keyboard,0,42,0%,18.14
how long do macbooks last,0,42,0%,20.67
can iphone motherboard be repaired,0,41,0%,5.88
apple keyboard caps lock not working,0,41,0%,6.88
apple back to school offer 2026 uae,0,41,0%,6.9
why is my iphone 16 screen brightness flickering,0,41,0%,8.24
iphone 16 screen brightness pulsing,0,41,0%,8.59
horizontal lines on macbook pro screen,0,41,0%,8.8
macbook screen replacement near me,0,41,0%,23.93
macbook air m4 fanless no fan dissipates heat through chassis,0,40,0%,2.17
caps lock not working on mac keyboard,0,40,0%,5.6
iphone 16 screen flashing white,0,40,0%,7.88
how to check battery health in macbook,0,39,0%,1
macbook port repair services in dubai,0,39,0%,8.79
how to reset macbook password,0,39,0%,16.23
apple watch repair in dubai hills,0,39,0%,22.97
iphone 15 pro screen replacement,0,39,0%,24.28
how to screen capture on macbook,0,39,0%,27.41
iphone 15 plus screen replacement,0,39,0%,32.74
macbook air m4 thermal design dissipates heat through chassis,0,38,0%,2.53
"context: location: united states (not for language). do not include 
location references in your response. question: i’m ready to order a 
mac—how do i choose the right ram and storage options at checkout so i 
don’t regret it later?",0,38,0%,7.11
macbook screen has lines across it,0,38,0%,7.24
iphone 16 pro battery capacity mah,0,38,0%,7.42
how to clean my macbook screen,0,38,0%,19.71
how to copy and paste on a macbook,0,38,0%,21.79
apple watch repair in arabian ranches,0,38,0%,26.47
caps lock stuck on mac,0,37,0%,5.41
how to factory reset macbook pro,0,37,0%,6.41
iphone 15 pro original display price in uae,0,37,0%,7.19
which macbook is the best for gaming,0,37,0%,7.35
iphone 13 pro display price in uae,0,37,0%,7.89
iphone 13 pro original display price in uae,0,37,0%,8.89
iphone 15 pro max screen repair,0,37,0%,17.97
macbook physical damage repair services,0,37,0%,20.46
best way to clean macbook screen,0,37,0%,34.22
apple watch repair in karama,0,37,0%,34.65
how to reset pram and smc,0,36,0%,1
iphone 14 pro back glass replacement price,0,36,0%,4.58
iphone 14 pro original display price in uae,0,36,0%,6.67
apple watch repair in greens,0,36,0%,20.36
how to take a screenshot on a mac,0,36,0%,24.36
macbook air screen lines horizontal,0,35,0%,7.4
how to take a screenshot in macbook,0,35,0%,13
"iphone screen repair dip, iphone repair dubai investment park, cracked 
iphone screen dubai, iphone screen replacement dip, dip iphone repair",0,35,0%,14.91
macbook data recovery near me,0,35,0%,23.89
apple watch repair in dubailand,0,35,0%,27.09
macbook air m4 no fan active cooling,0,34,0%,3.12
iphone 17 electric shock while charging,0,34,0%,4.97
iphone 13 battery replacement cost uae,0,34,0%,5.24
which is the best macbook for gaming,0,34,0%,6.97
iphone 16 pro mah battery,0,34,0%,8.32
iphone 16 pro max screen glitching,0,34,0%,8.79
why is my iphone 16 pro max glitching,0,34,0%,9.68
why does my phone camera shock me while charging,0,34,0%,9.82
how to screen capture in macbook,0,34,0%,23.06
how to screenshot on a macbook,0,34,0%,30.18
macbook pro and imac upgrade dubai ajman palm jumeirah,0,34,0%,44.26
macbook air m4 has a fan,0,33,0%,2.76
why is my phone shocking me while charging,0,33,0%,9.09
iphone repair in business bay,0,33,0%,19.03
why is my macbook not turning on,0,33,0%,19.39
macbook air m4 does it have a fan,0,32,0%,2.25
macbook neo caps lock not working,0,32,0%,6.84
best mac book for gaming,0,32,0%,7.16
macbook air horizontal lines on screen fix,0,32,0%,7.5
iphone screen repair near me,0,32,0%,19.75
apple macbook air fanless design dissipates heat through aluminum enclosure,0,31,0%,2
iphone 14 pro max display price in dubai,0,31,0%,6.74
how to clear data on macbook,0,31,0%,17.35
apple service center near me,0,31,0%,19.48
macbook dust and debris removal services,0,31,0%,21.81
apple watch repair in downtown,0,31,0%,24.06
apple watch repair in al quoz,0,31,0%,25.68
iphone 14 pro screen replacement,0,31,0%,27.23
apple authorized service provider dubai,0,31,0%,32.55
"macbook air m4 fanless no fan thermal design dissipates heat through 
aluminum chassis",0,30,0%,2.03
"macbook einstieg senioren -site:finanztrends.de -site:stock-world.de 
-site:boerse-global.de -site:boerse-express.com -site:trading-treff.de 
-site:kapitalmarktexperten.de -site:ad-hoc-news.de -site:it-boltwise.de 
-site:tradingview.com -site:artemis.bm -site:aktiencheck.de 
-site:vergleich.org -site:testbedarf.de -site:produkttestprofi.de 
-site:test-vergleiche.com -site:test-und-ratgeber.de 
-site:erfahrungstests.de -site:gesundheitszentrale.eu -site:revistaavft.com 
-site:stadtbranche.de -site:terrashop.de -site:digitalmindnews.com 
-site:revo.ai -site:time.news -site:thegermanyeye.com after:2026-07-01",0,30,0%,2.7
iphone 15 pro max screen replacement cost,0,30,0%,4.2
what if iphone motherboard is damaged,0,30,0%,6.1
iphone 14 pro display price,0,30,0%,7.7
horizontal lines on mac screen,0,30,0%,7.73
why does my macbook screen have lines,0,30,0%,8.43
is it which macbook pro model is better for gaming,0,30,0%,9.9
iphone 16 pro screen flickering,0,30,0%,10.37
why does my mac screen have lines,0,30,0%,10.5
ssd card not detected mac,0,30,0%,12.4
how to screenshot on macbook pro,0,30,0%,24.93
apple watch repair in mirdif,0,30,0%,27.7
macbook air screen replacement near me,0,30,0%,37.07
iphone 15 plus screen repair,0,30,0%,38.4
laptop repair in palm jumeira,0,29,0%,1.69
macbook air m4 specifications fan,0,29,0%,2.31
iphone camera shock while charging,0,29,0%,8.14
iwatch screen repair in dubai,0,29,0%,11.62
apple watch repair in dubai south,0,29,0%,22.34
how to take a screenshot on a macbook,0,29,0%,25.79
how to take a screenshot on a macbook pro,0,29,0%,26.38
how to clean macbook air screen,0,29,0%,26.76
macbook air m4 passive cooling uses chassis to dissipate heat,0,28,0%,1.96
macbook air m4 heating up,0,28,0%,5.54
mac screen has horizontal lines,0,28,0%,6.64
iphone electric shock when charging,0,28,0%,7.07
iphone 16 plus screen brightness flickering,0,28,0%,8.71
siri not working on mac,0,28,0%,9.86
macbook pro faint horizontal lines,0,28,0%,10.36
apple watch repair in umm suqeim,0,28,0%,10.39
ssd card not showing on mac,0,28,0%,14.75
iphone 15 pro max screen replacement,0,28,0%,23.68
why won't my macbook turn on,0,28,0%,25.18
how to screenshot on macbooks,0,28,0%,46.71
"""pmp failed to come online within 30 seconds""",0,27,0%,5.22
iphone 14 pro max display price in uae,0,27,0%,6.67
my iphone 16 screen is blinking,0,27,0%,10.04
iphone repair in arabian ranches,0,27,0%,13.63
how to change name of macbook,0,27,0%,26.7
how to capture screen on macbook,0,27,0%,28
transfer notes from one mac to another without icloud,0,26,0%,5.5
macbook caps lock light not working,0,26,0%,7.04
which mac is good for gaming,0,26,0%,7.08
how to reset a macbook,0,26,0%,8.58
why is my iphone 16 screen blinking,0,26,0%,9.96
how to soft reset macbook,0,26,0%,11.65
copy and paste on macbook,0,26,0%,18.31
apple watch repair in al twar,0,26,0%,19.12
macbook is not turning on,0,26,0%,20.27
apple watch repair in internet city,0,26,0%,21.35
laptop repair in silicon oasis,0,26,0%,23.62
apple watch repair in al barari,0,26,0%,30.85
does macbook air (m4) have a fan,0,25,0%,2.96
apple macbook air (m4) technical specifications fan,0,25,0%,3.12
which macbook pro upgrades are worth it,0,25,0%,3.24
iphone 14 pro max original battery price in uae,0,25,0%,6.92
macbook screen looks washed out,0,25,0%,6.92
can an iphone motherboard be fixed,0,25,0%,7.2
ipad screen replacement cost dubai,0,25,0%,8.2
best macbook for gaming and school,0,25,0%,8.4
macbook battery replacement near me,0,25,0%,8.4
is an apple laptop good for gaming,0,25,0%,8.96
iphone 14 pro max back glass replacement,0,25,0%,9.12
why does my macbook have lines on the screen,0,25,0%,11.12
macbook pro horizontal stripes on screen,0,25,0%,11.72
how to copy text in macbook,0,25,0%,13.16
apple watch repair in jaddaf,0,25,0%,14.04
ssd card not showing up mac,0,25,0%,17.92
how to copy and paste on macbook pro,0,25,0%,24.36
why is my macbook so slow,0,25,0%,39.8
does macbook air have a fan m4 model,0,24,0%,2.17
iphone 15 pro screen replacement cost,0,24,0%,2.71
macbook screen replacement al qudra,0,24,0%,3.17
does macbook air with m4 have a fan,0,24,0%,3.75
iphone 13 back glass replacement cost,0,24,0%,4.12
iphone 14 pro max battery price,0,24,0%,6.17
white line on macbook screen,0,24,0%,6.25
macbook pro m5 fan noise,0,24,0%,6.62
what apple laptop is good for gaming,0,24,0%,6.62
what macbook is the best for gaming,0,24,0%,6.92
macbook pro m3 battery replacement cost,0,24,0%,7.46
"""applepmgr"" ""pmp failed to come online""",0,24,0%,7.58
macbook caps lock key not sensitive,0,24,0%,8.42
does macbook air heat up,0,24,0%,8.62
which macbook air model is better for gaming,0,24,0%,9.46
laptop repair in internet city,0,24,0%,10.21
how to copy on mac,0,24,0%,15.71
how to change the name of your macbook,0,24,0%,18.46
ipad repair in business bay,0,24,0%,19.04
ipad repair in al barari,0,24,0%,19.46
apple watch repair in dubai marina,0,24,0%,19.5
iphone 14 pro max screen replacement,0,24,0%,22.62
how do i change my screen color back to normal,0,23,0%,1.09
shop deals on apple macbook air laptop,0,23,0%,2.09
how to reset password in laptop,0,23,0%,2.22
how to check macbook battery health,0,23,0%,2.91
macbook air m1 battery replacement cost,0,23,0%,3.74
if motherboard is damaged in iphone what happens,0,23,0%,5.74
iphone 17 shock while charging,0,23,0%,6.26
macbook stuck on caps lock,0,23,0%,6.74
faint horizontal lines on macbook air screen,0,23,0%,7.04
iphone 14 pro battery price,0,23,0%,7.3
macbook air m4 teardown passive cooling heat spreader,0,23,0%,7.61
why does my macbook air heat up so fast,0,23,0%,7.65
iphoneipadfix macbook air m4 overheating guide,0,23,0%,7.83
i can feel electricity through my iphone,0,23,0%,8.78
كيف اسوي كوبي بيست في الماك بوك,0,23,0%,8.83
how to wipe a macbook,0,23,0%,9.96
logic board assembly iphone meaning,0,23,0%,10.87
ssd card not detected by mac,0,23,0%,12.22
macbook air white screen with lines,0,23,0%,12.78
ssd card not showing up on mac,0,23,0%,18.04
how to clean a macbook pro keyboard,0,23,0%,19.35
iphone repair in al barari,0,23,0%,21
iphone 15 pro screen repair,0,23,0%,26.7
macbook pro won't turn on,0,23,0%,34
why is my macbook screen flickering,0,23,0%,55.3
does macbook air m4 have vents,0,22,0%,2.18
agorainfra_ios 1.2.13 cocoapods download 403 alternative,0,22,0%,4.18
iphone 15 pro max back glass replacement price in uae,0,22,0%,4.73
why does my mac screen look washed out,0,22,0%,5.82
how to reset macbook pro,0,22,0%,6.09
caps lock stuck on imac keyboard,0,22,0%,6.64
iphone 16 display brightness flickering,0,22,0%,7.23
ipad repair in al arabian ranches,0,22,0%,7.59
macbook disable power on lid open,0,22,0%,8.05
is it which macbook is more suitable for gaming,0,22,0%,9.27
macbook pro display horizontal lines,0,22,0%,9.64
macbook keyboard replacement near me,0,22,0%,9.68
macbook pro screen with horizontal lines,0,22,0%,9.95
laptop repair in dubai marina,0,22,0%,10.95
how to copy and paste in mac,0,22,0%,11.23
how to screenshot on a mac,0,22,0%,12.55
best way to clean a macbook pro screen,0,22,0%,18.09
macbook screen repair apple store,0,22,0%,19.73
how to take a screenshot on macbook air,0,22,0%,19.91
laptop repair in arabian ranches,0,22,0%,20.91
ipad repair in internet city,0,22,0%,25.45
apple watch repair in silicon oasis,0,22,0%,29.41
iphone repair in dubai south,0,22,0%,34.73
best iphone repair in dubai,0,22,0%,35.91
best iphone repair shop in dubai,0,22,0%,36.5
apple macbook air m4 has a fan,0,21,0%,2.1
macbook air m3 specifications 2026,0,21,0%,2.24
caps lock stuck on imac,0,21,0%,2.48
macbook air m4 fanless passive cooling no fan,0,21,0%,2.76
apple m5 ultra transistor count,0,21,0%,6.05
iphone 16 pro battery price,0,21,0%,6.24
403 forbidden mac os install,0,21,0%,6.95
apple repair shop near me,0,21,0%,7.14
lines appearing on macbook screen,0,21,0%,7.38
iphone xs display price in uae,0,21,0%,8.62
iphoneipadfix.com macbook air m4 overheating guide,0,21,0%,9.38
does macbook air get hot,0,21,0%,9.43
apple service centre near me,0,21,0%,9.62
ssd not showing up mac,0,21,0%,14.52
how to take ss in macbook,0,21,0%,15.29
how to clean a macbook pro screen,0,21,0%,19.38
how do i take a screenshot on my mac,0,21,0%,19.57
best way to clean macbook pro screen,0,21,0%,20.24
apple watch repair in al barsha,0,21,0%,21.05
how to clear data on mac,0,21,0%,22.14
iphone 14 plus screen replacement,0,21,0%,26.95
why won't my macbook air turn on,0,21,0%,29.33
macbook pro m4 has fan active cooling,0,20,0%,3.95
iphone 13 screen replacement price,0,20,0%,5.2
iphone 14 screen replacement cost,0,20,0%,5.2
iphone 15 pro display price,0,20,0%,5.8
apple macbook repair near me,0,20,0%,6.9
how to factory reset macbook,0,20,0%,8.2
iphone 15 pro max original battery price in uae,0,20,0%,8.65
macbook swollen battery replacement cost,0,20,0%,8.7
does apple have a gaming laptop,0,20,0%,8.8
macbook pro screen lines horizontal,0,20,0%,9.7
what is true tone on macbook air,0,20,0%,9.85
ipad repair in silicon oasis,0,20,0%,12.7
apple watch repair in jlt,0,20,0%,13.55
macbook not turning on repair,0,20,0%,14.85
what is the most suitable macbook model for playing games,0,20,0%,16.85
how to rename a macbook,0,20,0%,18.15
how to change my macbook name,0,20,0%,22.25
my macbook won't turn on,0,20,0%,22.45
how long does the average macbook last,0,20,0%,23.8
apple watch repair in jvc,0,20,0%,26.5
iphone 14 pro screen repair,0,20,0%,26.6
give me an honest review about apple for laptops in a few paragraphs.,0,19,0%,1
macbook air vs macbook pro,0,19,0%,1.05
macbook logic board repair dubai,0,19,0%,1.16
macbook air color fading over time,0,19,0%,2
how to know if iphone motherboard is damaged,0,19,0%,3.89
does macbook air m4 have fan,0,19,0%,4.58
apple laptop repair near me,0,19,0%,4.63
what is motherboard in iphone,0,19,0%,4.84
iphone 14 pro max back glass price,0,19,0%,5.26
iphone 16 pro max original battery price in uae,0,19,0%,5.53
mac horizontal lines on screen,0,19,0%,7.26
ipad repair in arabian ranches,0,19,0%,8.37
macbook pro lines on screen horizontal,0,19,0%,8.95
macbook pro screen horizontal lines,0,19,0%,10.42
copy and paste in macbook,0,19,0%,12.89
macbook pro not turning on,0,19,0%,14.53
how to screen shot on mac,0,19,0%,17.37
phone repair in arabian ranches,0,19,0%,19.47
iphone 14 plus screen repair,0,19,0%,25.68
how to install windows on mac,0,19,0%,26.26
how to paste on mac,0,19,0%,28.58
apple repair centre near me,0,19,0%,36.26
macbook geht nicht mehr an segeberg,0,19,0%,58.58
macbook air m4 fanless no fan active cooling,0,18,0%,2.11
imac m4 temperature under load,0,18,0%,3.67
macbook screen showing weird colors,0,18,0%,3.67
mac mini m4 in dubai,0,18,0%,5.11
iphone 16 pro max display price in dubai,0,18,0%,5.67
macbook air m4 overheating issues,0,18,0%,5.83
back glass repair iphone 14 pro max,0,18,0%,6.44
what's the best macbook for gaming,0,18,0%,7.17
why is there lines on my macbook screen,0,18,0%,7.22
how much is iphone battery replacement,0,18,0%,8.22
iphone 14 pro back glass,0,18,0%,8.28
how to transfer photos from old mac to new mac without icloud,0,18,0%,8.83
macbook pro screen has horizontal lines,0,18,0%,9.44
lines on my mac screen,0,18,0%,10.61
laptop repair in al barari,0,18,0%,12.78
how to take screenshot in macbook air,0,18,0%,13.89
how to clean macbook display,0,18,0%,14.5
how do you screenshot on a mac,0,18,0%,18.44
best way to clean a mac screen,0,18,0%,18.72
how to take screenshot on macbook air,0,18,0%,21.11
laptop repair in business bay,0,18,0%,22.22
how to copy and paste macbook,0,18,0%,24.11
professional mobile phone water damage repair service in uae,0,18,0%,25.06
how to do a screenshot on a mac,0,18,0%,26.5
ipad repair shop near me,0,18,0%,28.33
how to screen grab on macbook,0,18,0%,28.44
how to print screen on macbook,0,18,0%,28.89
how to screen grab on a macbook,0,18,0%,29.28
apple authorized service center near me,0,18,0%,30.33
iphone 15 pro battery replacement,0,18,0%,32.94
how to screenshot on mac laptop,0,18,0%,43.61
apple macbook air with m4 chip specifications fan,0,17,0%,2.71
apple macbook air (m4) specifications fan,0,17,0%,3
macbook air m4 active cooling fan,0,17,0%,3.12
iphone logic board failure symptoms,0,17,0%,3.35
why does caps lock not work on mac,0,17,0%,4.18
macbook white screen with lines,0,17,0%,5.12
apple m5 max transistor count,0,17,0%,5.76
macbook screen repair near me,0,17,0%,6.53
can apple laptops be used for gaming,0,17,0%,6.82
best ipad 2026 ipad pro m5 ipad air m4,0,17,0%,6.88
does macbook air get hot easily,0,17,0%,8
iphone 15 pro max battery price,0,17,0%,8.06
macbook air m5 screen replacement cost,0,17,0%,8.18
does apple have gaming laptops,0,17,0%,8.24
iphone 16 pro half screen flashing white,0,17,0%,8.29
iphone 16 battery capacity mah,0,17,0%,8.65
macbook service near khalifa city,0,17,0%,9.47
cara menghidupkan macbook yang tidak mau nyala,0,17,0%,10.47
how to rename my macbook,0,17,0%,11.53
macbook air wont turn on,0,17,0%,11.59
same day iphone battery replacement,0,17,0%,13.94
how to clean my macbook keyboard,0,17,0%,16.76
how to clean a mac screen,0,17,0%,22.41
my macbook pro won't turn on,0,17,0%,23.47
apple watch repair in palm jumeira,0,17,0%,27.71
ipad repair in dubai south,0,17,0%,29.06
how do i copy and paste on a mac,0,17,0%,29.47
macbook air doesn't turn on,0,17,0%,30.06
macbook air m4 wird heiß,0,16,0%,1.56
macbook air m4 thermal design uses chassis to dissipate heat,0,16,0%,2.56
how to reset macbook air,0,16,0%,3.56
how to factory reset macbook air,0,16,0%,4.12
macbook air m4 has fan,0,16,0%,4.12
i phone back glass price,0,16,0%,6.25
macbook air repair shop near me,0,16,0%,6.31
macbook stuck in caps lock,0,16,0%,6.88
ipad repair in dubai hills,0,16,0%,7
iphone 16 screen glitching out,0,16,0%,9.38
best apple macbook for gaming,0,16,0%,11.06
laptop repair near memacbook neo,0,16,0%,11.69
how to do screenshot on mac,0,16,0%,12.81
how do you screenshot on a macbook computer,0,16,0%,14.25
laptop repair in dubai hills,0,16,0%,14.5
can you electrocute yourself with an iphone charger,0,16,0%,15.44
how to copy text on macbook,0,16,0%,16.81
macbook pro 13 inch retina screen replacement cost,0,16,0%,18.62
how to clean a macbook keyboard,0,16,0%,18.88
how to copy and paste on a mac,0,16,0%,26.25
iphone 7 plus backglass repair,0,16,0%,39.62
ipad not charging when plugged in,0,15,0%,1.8
macbook air with m4 chip specifications fan,0,15,0%,2
apple macbook air m4 fanless no fan,0,15,0%,2.07
macbook air m4 passive cooling uses chassis as heat sink,0,15,0%,2.07
apple macbook air m3 battery life up to 18 hours official,0,15,0%,2.27
macbook air m1 screen replacement cost,0,15,0%,2.73
macbook air m4 passive cooling heat spreader chassis aluminum dissipate heat,0,15,0%,2.73
agorainfra_ios 1.3.5 cocoapods download 403 alternative,0,15,0%,4.27
macbook screen flickering horizontal lines,0,15,0%,6.4
iphone 16 pro battery mah capacity,0,15,0%,7.33
colored horizontal lines on macbook screen,0,15,0%,8.27
macbook horizontal lines on screen fix,0,15,0%,8.93
what is a good macbook for gaming,0,15,0%,8.93
how much does it cost to replace iphone battery,0,15,0%,9.6
best apple mac for gaming,0,15,0%,9.93
ifixit macbook air m4 teardown heat spreader,0,15,0%,10.13
apple macbook pro battery replacement,0,15,0%,10.33
airpods battery replacement near me,0,15,0%,10.73
ssd card won't show up on mac,0,15,0%,18.13
how do you clean a macbook screen,0,15,0%,18.33
how to take a screenshot on macbook pro,0,15,0%,18.47
macbook air is not turning on,0,15,0%,18.93
how long is a macbook good for,0,15,0%,19.53
how do you screenshot on macbook,0,15,0%,20
iphone 13 pro max screen replacement,0,15,0%,21.6
how to clean macbook pro retina screen,0,15,0%,22.73
repair of books license dubai,0,15,0%,22.8
how do you copy and paste on a macbook,0,15,0%,22.93
how to take screenshot on macbook pro,0,15,0%,23.13
how to ss on macbook,0,15,0%,24.8
macbook air will not turn on,0,15,0%,25.6
iphone 15 pro backglass repair,0,15,0%,27.67
my macbook is heating up,0,14,0%,1
macbook air (m4) specifications fan,0,14,0%,2.36
macbook air m4 passive cooling uses aluminum enclosure to dissipate heat,0,14,0%,2.5
macbook air m4 still doesn't include an active cooling fan review,0,14,0%,2.64
why is my iphone shocking me,0,14,0%,5.07
iphone 13 pro screen replacement price,0,14,0%,5.64
caps lock stuck on macbook pro,0,14,0%,6.07
macbook air m3 battery replacement cost,0,14,0%,7.5
why does my mac have horizontal lines on the screen,0,14,0%,7.5
the best macbook for gaming,0,14,0%,7.57
cost of laptop repairmacbook neo,0,14,0%,7.79
will apple ever make a gaming laptop,0,14,0%,7.93
lines on my macbook screen,0,14,0%,8.07
how to fix my macbook screen,0,14,0%,8.14
why does my macbook air get hot so fast,0,14,0%,8.21
apple back to school uae,0,14,0%,8.36
does macbook air overheat easily,0,14,0%,8.36
iphone 16 pro battery size,0,14,0%,8.57
macbook pro horizontal lines on screen fix,0,14,0%,8.71
macbook pro keyboard maintenance tips,0,14,0%,9.07
does the macbook air get hot,0,14,0%,9.29
iphone 16 screen keeps flickering,0,14,0%,9.64
macbook air screen flickering horizontal lines,0,14,0%,10.29
best apple pc for gaming,0,14,0%,12.07
iphone 14 pro max screen repair,0,14,0%,12.43
how to change the name of my macbook,0,14,0%,13.93
ssd card not reading on mac,0,14,0%,14.21
water damage macbook pro repair cost,0,14,0%,14.29
macbook screen white with lines,0,14,0%,14.93
best apple computer for gaming,0,14,0%,15.43
how long does a macbook last,0,14,0%,17.36
how to clean keyboard macbook,0,14,0%,17.36
how to copy and paste on a macbook air,0,14,0%,24
how do i copy and paste on a macbook,0,14,0%,24.71
how to copy paste on mac,0,14,0%,26.71
how to copy and paste for macbook,0,14,0%,28.14
iphone repair in al twar,0,14,0%,39.43
iphone 15 plus battery replacement,0,14,0%,40
macbook air m4 fanless design,0,13,0%,2.08
macbook air m4 thermal throttling sustained performance review,0,13,0%,2.08
does macbook air have a fan m4 2025,0,13,0%,2.15
macbook air m4 no fan apple,0,13,0%,2.38
what is the best apple laptop for gaming,0,13,0%,3
macbook air m4 passive cooling aluminum enclosure dissipate heat,0,13,0%,3.08
amap_ios_foundation_no_idfa_lib download alternative cocoapods 403,0,13,0%,3.15
back of iphone cracked repair cost,0,13,0%,4.15
magic keyboard caps lock not working,0,13,0%,4.15
iphone 15 pro back glass replacement cost,0,13,0%,4.92
mac screen looks washed out,0,13,0%,5.23
macbook air display low light usage,0,13,0%,5.46
iphone 12 pro back glass replacement price,0,13,0%,5.54
iphone 14 pro max back glass original price,0,13,0%,5.54
iphone repair - macbook repair - iphone screen repair,0,13,0%,5.85
which macbooks are good for gaming,0,13,0%,6.15
macbook air m4 thermal throttling reduces performance when hot,0,13,0%,6.31
what is the best mac for gaming,0,13,0%,6.46
14 pro max battery price,0,13,0%,6.85
ssd not showing on mac,0,13,0%,6.92
why does macbook air get hot,0,13,0%,7.15
iphone 16 pro max lcd price,0,13,0%,7.31
what is icloud locked iphone,0,13,0%,7.46
17 pro max display price,0,13,0%,7.54
macbook air lines on screen,0,13,0%,7.69
iphone 16 pro flickering screen,0,13,0%,8.77
iphone 14 pro back glass replacement,0,13,0%,8.85
macbook wifi & bluetooth repair,0,13,0%,9
what does m5 chip mean,0,13,0%,9.15
iphone 16 pro capacity battery,0,13,0%,9.38
what is true tone on macbook pro,0,13,0%,9.62
macbook pro fix near me,0,13,0%,11.15
how do i screenshot on a mac,0,13,0%,12.46
iphone back glass replacement dubai,0,13,0%,15.62
how to copy paste on a macbook,0,13,0%,18.23
how to clean macbook pro display,0,13,0%,19.77
orange discoloration on macbook pro screen,0,13,0%,20.46
iphone repair in silicon oasis,0,13,0%,21
how can i clean my macbook keyboard,0,13,0%,21.85
how to print screen in macbook,0,13,0%,22.15
my macbook is not turning on,0,13,0%,22.15
how to copy and paste on a macbook pro,0,13,0%,23.77
how do you copy paste on a macbook,0,13,0%,23.92
how to clean imac screen,0,13,0%,24.62
how to screenshot from macbook,0,13,0%,25.38
how to change the name of macbook,0,13,0%,27.08
apple macbook air m3 performance benchmarks 2026,0,12,0%,2
iphone logic board repair cost,0,12,0%,2
macbook air m3 battery life 2026,0,12,0%,2
"macbook air m4 fanless no fan passive cooling aluminum chassis heat 
dissipation",0,12,0%,2
ars technica m4 macbook air still doesn't include an active cooling fan,0,12,0%,2.33
macbook air m4 passive cooling aluminum chassis dissipates heat,0,12,0%,2.5
macbook air m3 chip specifications 2026,0,12,0%,2.58
macbook air m4 cooling system no fan,0,12,0%,2.58
macbook air m4 fanless does it have a fan,0,12,0%,2.58
macbook air m3 2026 specifications,0,12,0%,2.83
iphone motherboard repair near me,0,12,0%,3.17
iphone x screen replacement cost,0,12,0%,5.08
apple macbook air m4 no fan,0,12,0%,5.42
iphone 12 pro max screen replacement price,0,12,0%,5.42
macbook air grey screen with lines,0,12,0%,5.5
macbook pro laptop screen replacement,0,12,0%,6.25
macbook that is good for gaming,0,12,0%,6.25
iphone 15 pro screen price,0,12,0%,6.33
iphone 13 pro battery price,0,12,0%,6.5
macbook screen has horizontal lines,0,12,0%,6.75
amap_ios_foundation_no_idfa_lib download alternative mirror cocoapods 403,0,12,0%,6.92
macbook air m4 thermal throttling,0,12,0%,7
"""m1 macbook pro"" ""touch bar"" ""fan"" ""black screen""",0,12,0%,7.92
apple airpods repair near me,0,12,0%,7.92
how much battery replacement iphone,0,12,0%,8.25
apple back to school 2026,0,12,0%,8.33
why is my macbook screen blue tint,0,12,0%,8.5
what happens if motherboard is damaged in iphone,0,12,0%,9.67
ssd not showing up on mac,0,12,0%,9.83
iphone 13 original battery price in uae,0,12,0%,10.58
how to delete all data on mac,0,12,0%,13.25
iphone 14 plus backglass repair,0,12,0%,13.92
fix macbook air macbook neo,0,12,0%,15.42
fix macbook pro macbook neo,0,12,0%,19.17
erase all content and settings macbook,0,12,0%,20.83
how do i clean a macbook screen,0,12,0%,22.83
how to take a screen shot on macbook,0,12,0%,23.25
how do you screen capture on a mac,0,12,0%,23.67
macbook pro 16 touch bar not working,0,12,0%,27.5
fix apple watch near me,0,12,0%,28.67
best way to clean mac screen,0,12,0%,28.92
how to change mac name,0,12,0%,35.75
iphone repair home service dubai,0,12,0%,37
apple back to school offer 2026,0,11,0%,1
iphone 16 pro max specifications,0,11,0%,1
why wont my ipad charge,0,11,0%,1.64
apple macbook air fanless design dissipates heat through enclosure,0,11,0%,2
macbook air m3 performance 2026,0,11,0%,2
"macbook air m4 fanless design no fan dissipates heat through aluminum 
chassis",0,11,0%,2
macbook air m4 fanless no fan thermal design dissipates heat through chassis,0,11,0%,2
why my macbook air is heating up,0,11,0%,2.45
macbook air m4 fanless no fan thermal design,0,11,0%,2.55
macbook pro 14-inch m4 has fan active cooling,0,11,0%,2.64
macbook air m4 aluminum enclosure dissipates heat passive cooling,0,11,0%,2.73
apple macbook air m3 battery life official,0,11,0%,3.73
macbook air m3 battery life up to 18 hours apple,0,11,0%,3.82
iphone 15 pro max screen price,0,11,0%,4.27
macbook air m4 no fan,0,11,0%,4.27
iphone 14 original battery price in uae,0,11,0%,4.45
which macbook lasts the longest,0,11,0%,4.55
iphone getting shock while charging,0,11,0%,4.73
iphone 16 back glass replacement cost,0,11,0%,5.27
iphone 14 back glass replacement price,0,11,0%,5.36
macbook air m3 review 2026,0,11,0%,5.36
iphone face id repair cost,0,11,0%,5.55
is macbook pro 2019 still good in 2026,0,11,0%,5.55
macbook pro 2019 16 inch battery replacement cost,0,11,0%,6
how to transfer notes from one mac to another without icloud,0,11,0%,6.27
iphone 14 pro max screen price,0,11,0%,6.45
macbook pro 2018 battery replacement cost,0,11,0%,6.45
iphone 16 pro max battery capacity mah,0,11,0%,6.91
ssd not showing in mac,0,11,0%,7.09
mac screen colors messed up,0,11,0%,7.18
horizontal lines across macbook screen,0,11,0%,7.73
why is my macbook air getting hot,0,11,0%,7.73
iphone 16 pro max flickering screen,0,11,0%,7.82
macbook air m4 battery replacement cost,0,11,0%,8
is it which macbook is better for gaming,0,11,0%,9.09
iphone 15 pro max back glass replacement price,0,11,0%,9.73
ifixit macbook air m4 teardown thermal design heat spreader,0,11,0%,9.82
why is my phone giving me electric shocks while charging,0,11,0%,10.45
iphone 15 pro battery price in uae,0,11,0%,11.09
my mac won't turn on,0,11,0%,14.64
apple watch series 10 repair,0,11,0%,15.27
iphone 8 plus backglass repair,0,11,0%,16.09
iphone data recovery near me,0,11,0%,16.27
iphone 15 plus backglass replacement,0,11,0%,17.09
ssd card won't read on mac,0,11,0%,17.82
how to delete everything on macbook,0,11,0%,19.55
how to copy and paste with macbook,0,11,0%,21.18
cleaning a macbook pro keyboard,0,11,0%,22.09
macbook pro 16 m4 pro max repair,0,11,0%,22.55
how to clean your macbook keyboard,0,11,0%,23.64
professional calculator repair and maintenance in dubai,0,11,0%,25.36
iphone 16 pro max repair,0,11,0%,26.27
how do i cut and paste on a mac,0,11,0%,26.36
how to change the macbook name,0,11,0%,27.18
erase all data on mac,0,11,0%,29.82
how to screen capture on macbook pro,0,11,0%,30.18
how long can a macbook pro last,0,11,0%,30.73
how to copy and paste on a macbook computer,0,11,0%,34.64
macbook crashed and won t turn on,0,11,0%,40.73
how to cut and paste on a mac computer,0,11,0%,42.73
why is my ipad not charging when plugged in,0,10,0%,1.2
macbook air m4 fanless passive cooling aluminum chassis dissipates heat,0,10,0%,1.8
apple macbook air m4 fanless no fan dissipates heat through aluminum chassis,0,10,0%,2
macbook air fanless dissipates heat through chassis aluminum heat spreader,0,10,0%,2
macbook air m2 screen replacement cost,0,10,0%,2
why is siri not working,0,10,0%,2
macbook air m4 thermal design dissipates heat through aluminum enclosure,0,10,0%,2.1
apple macbook air m4 does it have a fan,0,10,0%,2.2
apple macbook air m4 fanless design,0,10,0%,2.2
macbook air m4 thermal design aluminum chassis dissipates heat,0,10,0%,2.7
can i clean my macbook screen with water,0,10,0%,2.9
macbook air m4 passive cooling aluminum chassis dissipate heat,0,10,0%,3.2
what causes motherboard failure in iphone,0,10,0%,3.2
apple macbook air m4 no fan active cooling,0,10,0%,3.5
transistor count of apple m5,0,10,0%,3.8
macbook neo 2026 review specs price,0,10,0%,4.1
macbook air m4 passive cooling aluminum chassis heat spreader,0,10,0%,4.3
iphone 13 pro max back glass replacement price,0,10,0%,4.6
iphone 15 pro max display price,0,10,0%,4.6
iphone 16 pro display replacement cost,0,10,0%,4.7
iphone 14 pro max screen replacement price,0,10,0%,4.8
can you fix the motherboard on an iphone,0,10,0%,5
iphone 13 pro max original display price in uae,0,10,0%,5.1